month,year
july,2000
august,2000
september,2000
october,2000
november,2000
december,2000
january,2001
february,2001
march,2001
april,2001
may,2001
june,2001
july,2001
august,2001
september,2001
october,2001
november,2001
december,2001
january,2002
february,2002
march,2002
april,2002
may,2002
june,2002
july,2002
august,2002
september,2002
october,2002
november,2002
december,2002
january,2003
february,2003
march,2003
april,2003
may,2003
june,2003
july,2003
august,2003
september,2003
october,2003
november,2003
december,2003
january,2004
february,2004
march,2004
april,2004
may,2004
june,2004
july,2004
august,2004
september,2004
october,2004
november,2004
december,2004
january,2005
february,2005
march,2005
april,2005
may,2005
june,2005
july,2005
august,2005
september,2005
october,2005
november,2005
december,2005
january,2006
february,2006
march,2006
april,2006
may,2006
june,2006
july,2006
august,2006
september,2006
october,2006
november,2006
december,2006
january,2007
february,2007
march,2007
april,2007
may,2007
june,2007
july,2007
august,2007
september,2007
october,2007
november,2007
december,2007
january,2008
february,2008
march,2008
april,2008
may,2008
june,2008
july,2008
august,2008
september,2008
october,2008
november,2008
december,2008
january,2009
february,2009
march,2009
april,2009
may,2009
june,2009
july,2009
august,2009
september,2009
october,2009
november,2009
december,2009
january,2010
february,2010
march,2010
april,2010
may,2010
june,2010
july,2010
august,2010
september,2010
october,2010
november,2010
december,2010
january,2011
february,2011
march,2011
april,2011
may,2011
june,2011
july,2011
august,2011
september,2011
october,2011
november,2011
december,2011
january,2012
february,2012
march,2012
april,2012
may,2012
june,2012
july,2012
august,2012
september,2012
october,2012
november,2012
december,2012
january,2013
february,2013
march,2013
april,2013
may,2013
june,2013
july,2013
august,2013
september,2013
october,2013
november,2013
december,2013
january,2014
february,2014
march,2014
april,2014
may,2014
june,2014
july,2014
august,2014
september,2014
october,2014
november,2014
december,2014
january,2015
february,2015
march,2015
april,2015
may,2015
june,2015
july,2015
august,2015
september,2015
october,2015
november,2015
december,2015
january,2016
february,2016
march,2016
april,2016
may,2016
june,2016
july,2016
august,2016
september,2016
october,2016
november,2016
december,2016
january,2017
february,2017
march,2017
april,2017
may,2017
june,2017
july,2017
august,2017
september,2017
october,2017
november,2017
december,2017
january,2018
february,2018
march,2018
april,2018
may,2018
june,2018
july,2018
august,2018
september,2018
october,2018
november,2018
december,2018
january,2019
february,2019
march,2019
april,2019
may,2019
june,2019
july,2019
august,2019
september,2019
october,2019
november,2019
december,2019
january,2020
february,2020
march,2020
april,2020
may,2020
june,2020
july,2020
august,2020
